id,name,waterwayName,video_url_1,video_url_2,video_url_3,video_url_4,video_url_5
cmlhcpxp60023m2a3nk6v0ile,Bas-de-la-Rivière (Fort Alexander),Lake Winnipeg,https://www.youtube.com/watch?v=IAuy6f3pXao,https://www.youtube.com/watch?v=XBvFWM3gG9Q,https://www.youtube.com/watch?v=uMz-6NVdv48,,
cmligbl0s002em20zgl2s057e,Batoche,Saskatchewan River,https://www.youtube.com/watch?v=8j0BhSBuX3c,https://www.youtube.com/watch?v=69vHH1jLv8E,,,
cmlhci09b001lm2rxun86l1q7,Bligh Island (Nootka Sound),Nootka Sound,https://www.youtube.com/watch?v=UXk34b3FLVo,https://www.youtube.com/watch?v=1vF2Xi9rrCw,,,
bloody_falls_location,Bloody Falls,Coppermine River,https://www.youtube.com/watch?v=8l7CN6OKGFM,https://www.youtube.com/watch?v=P9hf316YQzA,,,
cmlhci08p0017m2rxhlfgplt0,Cape Bonavista,Bonavista Bay,https://www.youtube.com/watch?v=6cm5_VAKBDE,https://www.youtube.com/watch?v=QgFQpGdZIvw,,,
cmlhci08s0019m2rx3b2ipe6i,Cartier's Cross at Gaspé,Gaspé Bay,https://www.youtube.com/watch?v=aXZkwrI3V10,https://www.youtube.com/watch?v=sgq1IemyXGU,,,
cmlk1ohsy0005m2atetkkpn26,Chaudière Portage,Ottawa River,https://www.youtube.com/playlist?list=PLD4PE9YEvD_jrUTIsfK6KAMeiVAFv2q15,https://www.youtube.com/watch?v=gD3ukCNErOg,,,
cmlhci09p001tm2rx1oek684y,Columbia River Mouth (Chinook Point),Columbia River,https://www.youtube.com/watch?v=A3YcP5Iw5Po,https://www.youtube.com/watch?v=zjDT70Vhvo8,,,
cmlhasls40025m2zh8ceyw7jl,Cumberland House,Saskatchewan River,https://www.youtube.com/watch?v=xxiNvNy5G1w,https://www.youtube.com/watch?v=6aA4vG7zU_w,,,
cmlhci09l001rm2rxtlpntiw8,Desolation Sound,Georgia Strait,https://www.youtube.com/watch?v=p623VQbzijo,https://www.youtube.com/watch?v=1VJbxY_d3Ks,,,
cmlk1oht8000bm2atj8bjogev,Echimamish Portage,Hudson Bay,https://www.youtube.com/watch?v=MG9emfuTQVc,https://www.youtube.com/watch?v=6T_q7Ng6N14,https://www.youtube.com/watch?v=RnvWzeTAN3c,,
cmlhbjrrd0013m2mbr25pwdi0,Fort Albany,Albany River,https://www.youtube.com/watch?v=II00igRTDVE,https://www.youtube.com/watch?v=QcgLDvR32p0,,,
cmlhcpxob001nm2a3t1ddlxuc,Fort Alexandria,Fraser River,https://www.youtube.com/watch?v=CAoDzv33GPs,https://m.youtube.com/watch?v=iK9_rtmCjFc,,,
cmlhcpxoq001vm2a398m9wqo1,Fort Astoria / Fort George,Columbia River,https://www.youtube.com/watch?v=yAO1N1MA6wk,,,,
cmlhcpxnk001bm2a3bv60prh0,Fort Augustus (NWC),Saskatchewan River,https://www.youtube.com/watch?v=FRVSJTuoX5A,https://www.youtube.com/watch?v=lKj_j7c599M,,,
cmlhcpxpi0029m2a36jgoptfh,Fort Battleford,Saskatchewan River,https://www.youtube.com/watch?v=D_y06fRUBC0,https://www.youtube.com/watch?v=G9cG4Sp4b8k,,,
cmlhcpxk40009m2a3ly9irieb,Fort Carlton,Saskatchewan River,https://www.youtube.com/watch?v=mhI4CIakNEo,https://www.youtube.com/watch?v=rnkDoxTlzm0,,,
cmlhasls40027m2zhq13ab7xs,Fort Chipewyan,Lake Athabasca,https://www.youtube.com/watch?v=cF4cy0-k9II,https://www.youtube.com/watch?v=xJHyCwpsjy4,,,
cmlhasls40022m2zhaovlkwt2,Fort Churchill,Hudson Bay,https://www.youtube.com/watch?v=ffnFmqIiCbM,https://www.youtube.com/watch?v=SjA9IDCuaVg,,,
cmlhcpxjt0005m2a3yptljq2u,Fort Churchill (HBC),Churchill River (Saskatchewan),https://www.youtube.com/watch?v=WWxtI1LhH10,https://www.youtube.com/watch?v=1VTtt8M043o,https://www.youtube.com/watch?v=V0KNXy9r4hY,,
cmlhcpxmu000zm2a30yaasx30,Fort Colville,Columbia River,https://m.youtube.com/watch?v=9Hs34RJVG2c,https://www.youtube.com/watch?v=c5oyEpj5D48,,,
cmlhcpxnw001hm2a3vu8g9i5h,Fort Dunvegan,Peace River,https://www.youtube.com/watch?v=MhbGKjRASU4,https://www.youtube.com/watch?v=cr6l-DIjK8g,,,
cmlhasls40026m2zhpi43jsew,Fort Edmonton,Saskatchewan River,https://www.youtube.com/watch?v=H5d4x1Fz4Bk,https://www.youtube.com/watch?v=dP5fYDr68as,https://www.youtube.com/watch?v=wYb3x6uNdnQ,,
cmlhcpxk7000bm2a3aywic3h2,Fort Edmonton (HBC),Saskatchewan River,https://www.youtube.com/watch?v=724EOMCRjhs,https://www.youtube.com/watch?v=1FipsvFkzuM,https://www.youtube.com/watch?v=GuKocrbyV8c,,
cmlhcpxle000nm2a3bogpycqa,Fort Ellice,Assiniboine River,https://www.youtube.com/watch?v=nCvy40TaOjw,https://www.youtube.com/watch?v=1DWu-eSREAs,https://www.youtube.com/watch?v=L8LmrMMdJs0,,
cmlhbjrr5000xm2mbkhf0cqiw,Fort Garry,Lake Winnipeg,https://www.youtube.com/watch?v=IAuy6f3pXao,https://www.youtube.com/watch?v=XBvFWM3gG9Q,https://www.youtube.com/watch?v=uMz-6NVdv48,,
cmlhcpxl6000jm2a3g5tcl5vu,Fort Garry (Upper),Red River,https://www.youtube.com/watch?v=t2xv32PwOTw,https://www.youtube.com/watch?v=D5sC5-zm4to,https://www.youtube.com/watch?v=5JRMcLqSBMg,,
cmlhcpxo4001lm2a3bv6j547w,Fort George (NWC - BC),Fraser River,https://www.youtube.com/watch?v=rtcg-jdnoAg,https://www.youtube.com/watch?v=p_IWBl1PLL4,https://www.youtube.com/watch?v=5d-gLMIaSzU,,
cmlhcpxno001dm2a3gc40a1u2,Fort George (NWC - Saskatchewan),Saskatchewan River,https://www.youtube.com/watch?v=724EOMCRjhs,https://www.youtube.com/watch?v=1FipsvFkzuM,https://www.youtube.com/watch?v=GuKocrbyV8c,,
cmlhcpxot001xm2a3nzh39xs0,Fort Gibraltar,Red River,https://www.youtube.com/watch?v=MBLjBifHeaQ,https://www.youtube.com/watch?v=mNpQrPTXoT4,https://www.youtube.com/watch?v=crIdsGRpVu4,,
cmlhasls40028m2zh4aji898k,Fort Good Hope,Mackenzie River,https://www.youtube.com/watch?v=CzNhDeHDX4s,https://www.youtube.com/watch?v=bs642u-lldM,https://www.youtube.com/watch?v=Owoz7DsF5mU,,
cmlhcpxnc0017m2a37uwth5fr,Fort Kaministiquia,Lake Superior,https://www.youtube.com/watch?v=eKQ6dLU7f3g,https://www.youtube.com/watch?v=mDCnduvku8w,https://www.youtube.com/watch?v=shfYWGqZMak,,
cmlhcpxmo000vm2a3n43nxs5n,Fort Kamloops,Fraser River,https://www.youtube.com/watch?v=pnIOWsLEkYM,https://www.youtube.com/watch?v=_2d7EnEgZoE,https://www.youtube.com/watch?v=TvNOBl8He14,,
cmlhcpxp20021m2a32mlrbo8z,Fort Lac La Pluie (Fort Frances),Lake Superior,https://www.youtube.com/watch?v=eKQ6dLU7f3g,https://www.youtube.com/watch?v=mDCnduvku8w,https://www.youtube.com/watch?v=shfYWGqZMak,,
cmlhasls40029m2zhhfgaamg9,Fort Langley,Fraser River,https://www.youtube.com/watch?v=FEXuDDJSBXc,https://www.youtube.com/watch?v=L1ObXyIEM58,https://www.youtube.com/watch?v=868Mxdkgmxo,,
cmlhcpxpl002bm2a35iiq5vzp,Fort Liard,Mackenzie River,https://www.youtube.com/watch?v=2WoA6WGT8JI,https://www.youtube.com/watch?v=i2jexPzNZbE,https://www.youtube.com/watch?v=umT32nGc5pg,,
cmlhcpxo0001jm2a36ckmzggi,Fort McLeod (BC),Peace River,https://www.youtube.com/watch?v=jvHw-oXV5kM,https://www.youtube.com/watch?v=Sbuw_iFuidQ,https://www.youtube.com/watch?v=d5zQmTSAEVg,,
cmlhcpxq9002nm2a3kn445t0w,Fort McLoughlin,Queen Charlotte Sound,https://www.youtube.com/watch?v=sRR-sDn9vbE,https://www.youtube.com/watch?v=JJv54gdhrd4,https://www.youtube.com/watch?v=an4R12V_G1E,,
cmlhcpxn10013m2a3zq358xxd,Fort McPherson,Mackenzie River,https://www.youtube.com/watch?v=2WoA6WGT8JI,https://www.youtube.com/watch?v=i2jexPzNZbE,https://www.youtube.com/watch?v=umT32nGc5pg,,
cmlhcpxmr000xm2a3xopobi8t,Fort Nez Percés (Fort Walla Walla),Columbia River,https://www.youtube.com/watch?v=jdYIY6pT9Qs,https://www.youtube.com/watch?v=aaV7_BQ3k2s,https://www.youtube.com/watch?v=jHhS24ENiQM,,
cmlhcpxl2000hm2a35zf7u98t,Fort Norman,Mackenzie River,https://www.youtube.com/watch?v=2WoA6WGT8JI,https://www.youtube.com/watch?v=i2jexPzNZbE,https://www.youtube.com/watch?v=umT32nGc5pg,,
cmlhcpxpb0025m2a3u22bcmrn,Fort Pelly,Assiniboine River,https://www.youtube.com/watch?v=fZ-LnRNggsM,https://www.youtube.com/watch?v=N90gFH3I1E0,https://www.youtube.com/watch?v=pvS2N-X9WWU,,
cmlhcpxoy001zm2a304m2lgbl,Fort Pembina,Red River,https://www.youtube.com/watch?v=t2xv32PwOTw,https://www.youtube.com/watch?v=D5sC5-zm4to,https://www.youtube.com/watch?v=5JRMcLqSBMg,,
cmlhcpxpf0027m2a3vq60ln3h,Fort Pitt,Saskatchewan River,https://www.youtube.com/watch?v=724EOMCRjhs,https://www.youtube.com/watch?v=1FipsvFkzuM,https://www.youtube.com/watch?v=GuKocrbyV8c,,
cmlhcpxpt002fm2a3f9j5lnfo,Fort Providence,Great Slave Lake,https://www.youtube.com/watch?v=KyYMaK6x14s,https://www.youtube.com/watch?v=9g9Yqa4cW4Q,https://www.youtube.com/watch?v=hK8PcL72mSc,,
cmlhcpxlh000pm2a37jv1ad25,Fort Qu'Appelle,Assiniboine River,https://www.youtube.com/watch?v=fZ-LnRNggsM,https://www.youtube.com/watch?v=N90gFH3I1E0,https://www.youtube.com/watch?v=pvS2N-X9WWU,,
cmlhcpxpp002dm2a3enfqyhkk,Fort Rae,Great Slave Lake,https://www.youtube.com/watch?v=KyYMaK6x14s,https://www.youtube.com/watch?v=9g9Yqa4cW4Q,https://www.youtube.com/watch?v=hK8PcL72mSc,,
cmlhcpxpx002hm2a3etw7eega,Fort Reliance,Great Slave Lake,https://www.youtube.com/watch?v=KyYMaK6x14s,https://www.youtube.com/watch?v=9g9Yqa4cW4Q,https://www.youtube.com/watch?v=hK8PcL72mSc,,
cmlhcpxks000fm2a34uekbxty,Fort Resolution,Great Slave Lake,https://www.youtube.com/watch?v=KyYMaK6x14s,https://www.youtube.com/watch?v=9g9Yqa4cW4Q,https://www.youtube.com/watch?v=hK8PcL72mSc,,
cmlhcpxq0002jm2a3phk4pbzy,Fort Rupert,Queen Charlotte Sound,https://www.youtube.com/watch?v=sRR-sDn9vbE,https://www.youtube.com/watch?v=JJv54gdhrd4,https://www.youtube.com/watch?v=an4R12V_G1E,,
cmlhci098001jm2rxi0if729k,Fort San Miguel (Spanish Fort at Nootka),Nootka Sound,https://www.youtube.com/watch?v=BZZ-QVcN3QM,https://www.youtube.com/watch?v=i5XHvFy7uTM,https://www.youtube.com/watch?v=LbCSYgGS8HE,,
cmlhcpxjq0003m2a3mh417co2,Fort Severn,Hudson Bay,https://www.youtube.com/watch?v=MG9emfuTQVc,https://www.youtube.com/watch?v=6T_q7Ng6N14,https://www.youtube.com/watch?v=RnvWzeTAN3c,,
cmlhbjrri0017m2mbfts7d8is,Fort Simpson,Mackenzie River,https://www.youtube.com/watch?v=2WoA6WGT8JI,https://www.youtube.com/watch?v=i2jexPzNZbE,https://www.youtube.com/watch?v=umT32nGc5pg,,
cmlhcpxq5002lm2a353mda50w,Fort Simpson (BC),Queen Charlotte Sound,https://www.youtube.com/watch?v=sRR-sDn9vbE,https://www.youtube.com/watch?v=JJv54gdhrd4,https://www.youtube.com/watch?v=an4R12V_G1E,,
fort_st_charles_location,Fort St. Charles,Lake of the Woods,https://www.youtube.com/watch?v=UoQdXDeQz3U,https://www.youtube.com/watch?v=Xf2Ph7nvoOA,https://www.youtube.com/watch?v=RTlfPlRc9cQ,,
cmlhbjrrn001bm2mbmbhxd2wx,Fort St. James,Fraser River,https://www.youtube.com/watch?v=rtcg-jdnoAg,https://www.youtube.com/watch?v=p_IWBl1PLL4,https://www.youtube.com/watch?v=5d-gLMIaSzU,,
cmlhasls4002am2zhut4b7lsm,Fort Témiscamingue,Ottawa River,https://www.youtube.com/watch?v=-E7wsRXAaqY,https://www.youtube.com/watch?v=uAbMfC7ZnUk,https://www.youtube.com/watch?v=41otftouNao,,
cmlhcpxlo000rm2a3z56bctdt,Fort Vancouver (HBC),Columbia River,https://www.youtube.com/watch?v=jdYIY6pT9Qs,https://www.youtube.com/watch?v=aaV7_BQ3k2s,https://www.youtube.com/watch?v=jHhS24ENiQM,,
cmlhcpxnr001fm2a3urmu7hn2,Fort Vermilion (NWC),Peace River,https://www.youtube.com/watch?v=jvHw-oXV5kM,https://www.youtube.com/watch?v=Sbuw_iFuidQ,https://www.youtube.com/watch?v=d5zQmTSAEVg,,
cmlhcpxm4000tm2a3h0q903om,Fort Victoria,Juan de Fuca Strait,https://www.youtube.com/watch?v=ClJdkqr-YV0,https://www.youtube.com/watch?v=LasZ_YFPp-0,https://www.youtube.com/watch?v=Sm4RlTOGvM8,,
cmlhbjrr2000vm2mb4xb3au6o,Fort William,Lake Superior,https://www.youtube.com/watch?v=eKQ6dLU7f3g,https://www.youtube.com/watch?v=mDCnduvku8w,https://www.youtube.com/watch?v=shfYWGqZMak,,
cmlhcpxn40015m2a37q2atmqk,Fort William (NWC),Lake Superior,https://www.youtube.com/watch?v=eKQ6dLU7f3g,https://www.youtube.com/watch?v=mDCnduvku8w,https://www.youtube.com/watch?v=shfYWGqZMak,,
cmlhcpxmx0011m2a3ip116duw,Fort Yukon,Yukon River,https://www.youtube.com/watch?v=fOr8fLqhWpE,https://www.youtube.com/watch?v=8MdYfdoWI6E,https://www.youtube.com/watch?v=OdtDh-FhNko,,
cmlk1ohtb000dm2ati96rxt36,French Portage,Lake Huron,https://www.youtube.com/watch?v=YHstIA-PQKM,https://www.youtube.com/watch?v=Q7Q6tV6T7lE,https://www.youtube.com/watch?v=H94ApGZQ7IA,,
cmlhci092001fm2rxed77jk9j,Friendly Cove Landing (Cook's Landing),Nootka Sound,https://www.youtube.com/watch?v=BZZ-QVcN3QM,https://www.youtube.com/watch?v=i5XHvFy7uTM,https://www.youtube.com/watch?v=LbCSYgGS8HE,,
cmlk1oht20007m2at0bcedeyz,Frog Portage,Churchill River (Saskatchewan),https://www.youtube.com/watch?v=WWxtI1LhH10,https://www.youtube.com/watch?v=1VTtt8M043o,https://www.youtube.com/watch?v=V0KNXy9r4hY,,
cmlhasls40024m2zhk53dsecy,Grand Portage,Lake Superior,https://www.youtube.com/watch?v=eKQ6dLU7f3g,https://www.youtube.com/watch?v=mDCnduvku8w,https://www.youtube.com/watch?v=shfYWGqZMak,,
cmlk1ohtp000lm2at4e9n5kau,Grande Décharge,St. Lawrence River,https://www.youtube.com/watch?v=0wgqmHpK2tc,https://www.youtube.com/watch?v=zuPSz5BK1Kg,https://www.youtube.com/watch?v=jrOu8qDFYjw,,
cmlizphiu0003m2ybn31j3yf2,Great Dog Portage,Kaministiquia River,https://www.youtube.com/watch?v=8xfq9tZ6OJM,https://www.youtube.com/watch?v=M7aMWyZrd3Q,https://www.youtube.com/watch?v=bAsW9QnEEE4,,
cmlk1ohsr0001m2atdr81i0k0,Hauteur des Terres,Ottawa River,https://www.youtube.com/watch?v=-E7wsRXAaqY,https://www.youtube.com/watch?v=uAbMfC7ZnUk,https://www.youtube.com/watch?v=41otftouNao,,
cmlhcpxoi001rm2a3o6bx74af,Kootenay House,Columbia River,https://www.youtube.com/watch?v=jdYIY6pT9Qs,https://www.youtube.com/watch?v=aaV7_BQ3k2s,https://www.youtube.com/watch?v=jHhS24ENiQM,,
cmlhci09d001nm2rxalbz2n3h,La Pérouse Memorial (Lituya Bay),Lituya Bay,https://www.youtube.com/watch?v=r7y76R8ggKw,https://www.youtube.com/watch?v=XGIXlk50yos,https://www.youtube.com/watch?v=Ph7ND3F0Zu4,,
cmlk1ohte000fm2at6rkrfsdz,La Vase Portages,Ottawa River,https://www.youtube.com/watch?v=-E7wsRXAaqY,https://www.youtube.com/watch?v=uAbMfC7ZnUk,https://www.youtube.com/watch?v=41otftouNao,,
cmlk1ohsu0003m2atw65xozuc,Long Sault Portage,Ottawa River,https://www.youtube.com/watch?v=-E7wsRXAaqY,https://www.youtube.com/watch?v=uAbMfC7ZnUk,https://www.youtube.com/watch?v=41otftouNao,,
cmlhcpxla000lm2a36zgze0vh,Lower Fort Garry,Red River,https://www.youtube.com/watch?v=UNjZLeB6ErQ,https://www.youtube.com/watch?v=kHee6KG9ucs,https://www.youtube.com/watch?v=S3mkG0OU2Mg,,
massacre_island_location,Massacre Island (Lake of the Woods),Lake of the Woods,https://www.youtube.com/watch?v=UoQdXDeQz3U,https://www.youtube.com/watch?v=Xf2Ph7nvoOA,https://www.youtube.com/watch?v=RTlfPlRc9cQ,,
cmlhbjrr8000zm2mbjknynnon,Methye Portage,Churchill River (Saskatchewan),https://www.youtube.com/watch?v=WWxtI1LhH10,https://www.youtube.com/watch?v=1VTtt8M043o,https://www.youtube.com/watch?v=V0KNXy9r4hY,,
cmlhasls40020m2zhz16w8vz5,Montreal,St. Lawrence River,https://www.youtube.com/watch?v=pXqcZcqFdmc,https://www.youtube.com/watch?v=oVFxLIA82Oc,https://www.youtube.com/watch?v=fctDZgOhFW0,,
cmlhbjrrb0011m2mb7wkob1wv,Moose Factory,Moose River,https://www.youtube.com/watch?v=iNBhfSdfvtQ,https://www.youtube.com/watch?v=Bhket9v2z24,https://www.youtube.com/watch?v=5wm3gRiA9C0,,
cmlhbjrrf0015m2mbj2bojm5s,Norway House,Lake Winnipeg,https://www.youtube.com/watch?v=IAuy6f3pXao,https://www.youtube.com/watch?v=XBvFWM3gG9Q,https://www.youtube.com/watch?v=uMz-6NVdv48,,
cmlhcpxjz0007m2a39z07cplj,Oxford House,Nelson River,https://www.youtube.com/watch?v=bHb7nvsGKBo,https://www.youtube.com/watch?v=_IEq03whiNI,https://www.youtube.com/watch?v=w_NguVDSLQc,,
cmlhci09i001pm2rx0nywnjr9,Point Grey (Vancouver Meeting Point),English Bay,https://www.youtube.com/watch?v=3Q5RagtgnmM,https://www.youtube.com/watch?v=nfyii9ic1VE,https://www.youtube.com/watch?v=XMGkF6vYhYQ,,
cmlhci08v001bm2rx1qzcbb7o,Port-Royal (Habitation),St. Lawrence River,https://www.youtube.com/watch?v=0wgqmHpK2tc,https://www.youtube.com/watch?v=zuPSz5BK1Kg,https://www.youtube.com/watch?v=jrOu8qDFYjw,,
cmlhcpxik0001m2a32ftvmlnd,Prince of Wales Fort,Churchill River (Saskatchewan),https://www.youtube.com/watch?v=g_nSf42BwSY,https://www.youtube.com/watch?v=rGygC18HfXs,https://www.youtube.com/watch?v=cI9JhnMAL-U,,
cmlhasls4001zm2zhg7ahjwlx,Quebec City,St. Lawrence River,https://www.youtube.com/watch?v=2ZiVRt_S2fU,https://www.youtube.com/watch?v=5JbmGhS84WM,https://www.youtube.com/watch?v=HhT9Jz5p4dw,,
cmlk1oht50009m2atw1lxbena,Rat Portage,Lake Winnipeg,https://www.youtube.com/watch?v=IAuy6f3pXao,https://www.youtube.com/watch?v=XBvFWM3gG9Q,https://www.youtube.com/watch?v=uMz-6NVdv48,,
cmlhci08x001dm2rxttfhbqjr,Red Bay Basque Whaling Station,Strait of Belle Isle,https://www.youtube.com/watch?v=j6hJLI_Qgbg,https://www.youtube.com/watch?v=Whonzycnl40,https://www.youtube.com/watch?v=XIa4yt3kioQ,,
cmlhcpxka000dm2a38u2u5e1v,Rocky Mountain House,Saskatchewan River,https://www.youtube.com/watch?v=724EOMCRjhs,https://www.youtube.com/watch?v=1FipsvFkzuM,https://www.youtube.com/watch?v=GuKocrbyV8c,,
cmlhcpxoe001pm2a35trj97gi,Rocky Mountain House (NWC),Saskatchewan River,https://www.youtube.com/watch?v=724EOMCRjhs,https://www.youtube.com/watch?v=1FipsvFkzuM,https://www.youtube.com/watch?v=GuKocrbyV8c,,
cmlhcpxqm002pm2a38i7y4iyx,Rupert House (Fort Charles),James Bay,https://www.youtube.com/watch?v=y4GD4ckvijE,https://www.youtube.com/watch?v=XUO-bLE2YrQ,https://www.youtube.com/watch?v=ugGIPbDIkm4,,
cmlhasls40023m2zhzrnt7rr9,Sault Ste. Marie,Lake Superior,https://www.youtube.com/watch?v=eKQ6dLU7f3g,https://www.youtube.com/watch?v=mDCnduvku8w,https://www.youtube.com/watch?v=shfYWGqZMak,,
cmlhcpxng0019m2a3aeo031li,Sault Ste. Marie Post,Lake Huron,https://www.youtube.com/watch?v=YHstIA-PQKM,https://www.youtube.com/watch?v=Q7Q6tV6T7lE,https://www.youtube.com/watch?v=H94ApGZQ7IA,,
cmlk1ohtm000jm2atwndo0iu1,Slave Falls Portage,Lake Winnipeg,https://www.youtube.com/watch?v=IAuy6f3pXao,https://www.youtube.com/watch?v=XBvFWM3gG9Q,https://www.youtube.com/watch?v=uMz-6NVdv48,,
cmlhci095001hm2rxh06cgnow,Spanish Banks Beach,English Bay,https://www.youtube.com/watch?v=3Q5RagtgnmM,https://www.youtube.com/watch?v=nfyii9ic1VE,https://www.youtube.com/watch?v=XMGkF6vYhYQ,,
cmlhcpxol001tm2a3z4iparrf,Spokane House,Columbia River,https://www.youtube.com/watch?v=jdYIY6pT9Qs,https://www.youtube.com/watch?v=aaV7_BQ3k2s,https://www.youtube.com/watch?v=jHhS24ENiQM,,
cmlhbjrrk0019m2mbo76o9uph,Tadoussac,St. Lawrence River,https://www.youtube.com/watch?v=0wgqmHpK2tc,https://www.youtube.com/watch?v=zuPSz5BK1Kg,https://www.youtube.com/watch?v=jrOu8qDFYjw,,
cmlk1ohth000hm2atid2o0cto,The Pas Portage,Saskatchewan River,https://www.youtube.com/watch?v=724EOMCRjhs,https://www.youtube.com/watch?v=1FipsvFkzuM,https://www.youtube.com/watch?v=GuKocrbyV8c,,
cmligbl0q002cm20z7q06luf5,Upper Fort Garry,Red River,https://www.youtube.com/watch?v=jJ8j0GP05QU,https://www.youtube.com/watch?v=HKv7qO9cDNE,https://www.youtube.com/watch?v=ecXi9-jKWQQ,,
cmlhasls40021m2zhu35xikyc,York Factory,Hudson Bay,https://www.youtube.com/watch?v=MG9emfuTQVc,https://www.youtube.com/watch?v=6T_q7Ng6N14,https://www.youtube.com/watch?v=RnvWzeTAN3c,,
cmligbkv50007m20z56lg1di6,Abitibi River,,https://www.youtube.com/watch?v=IVmtiAxGgzI,,,,
cmligbkv20005m20zmpiyg4ag,Albany River,,https://www.youtube.com/watch?v=lkM8V7eciYo,https://www.youtube.com/watch?v=GxJe_vWODvA,,,
cmlhbjrq30009m2mbjvc52rym,Assiniboine River,,https://www.youtube.com/watch?v=fZ-LnRNggsM,https://www.youtube.com/watch?v=N90gFH3I1E0,https://www.youtube.com/watch?v=pvS2N-X9WWU,,
cmlhbjrpw0003m2mbmmpa8102,Athabasca River,,https://www.youtube.com/watch?v=aUVSLrTcGuY,https://www.youtube.com/watch?v=B8e6Ok1fKtk,,,
atikokan-river-waterway,Atikokan River,,https://www.youtube.com/watch?v=JXM97vZNZHs,,,,
back-river-waterway,Back River,,https://www.youtube.com/watch?v=RmzYtatnuVQ,,,,
baffin-bay-waterway,Baffin Bay,,https://www.youtube.com/watch?v=5sxvdGlx6Kc,,,,
cmlhci06g0003m2rxvk2z3kyo,Baie des Chaleurs,,https://www.youtube.com/watch?v=H5NIq6PXeeQ,https://www.youtube.com/watch?v=Dk3WZkkxouE,,,
bellot-strait-waterway,Bellot Strait,,https://www.youtube.com/watch?v=xnBlTkjUNIs,https://www.youtube.com/watch?v=p6mfrEQkgvo,,,
cmlhci06q0009m2rx52k6015h,Bonavista Bay,,https://www.youtube.com/watch?v=18LLAjNef_E,https://www.youtube.com/watch?v=svW1scFYKdg,,,
cmlhci06z000fm2rx9a0q3kpo,Burrard Inlet,,https://www.youtube.com/watch?v=8UVwd2yRTbw,https://www.youtube.com/watch?v=wvp_wQ56TdU,https://www.youtube.com/watch?v=cWZ4f53jI7E,,
chesterfield-inlet-waterway,Chesterfield Inlet,,https://www.youtube.com/watch?v=EqPe2rsnncs,https://www.youtube.com/watch?v=DH6DKtQ0wDM,,,
cmlhaslr1000um2zh1ohr52f9,Churchill River (Saskatchewan),,https://www.youtube.com/watch?v=WWxtI1LhH10,https://www.youtube.com/watch?v=1VTtt8M043o,https://www.youtube.com/watch?v=V0KNXy9r4hY,,
cmlhaslr7000wm2zhi88te1r4,Columbia River,,https://www.youtube.com/watch?v=jdYIY6pT9Qs,https://www.youtube.com/watch?v=aaV7_BQ3k2s,https://www.youtube.com/watch?v=jHhS24ENiQM,,
cmlhbjrqa000dm2mb7n6w7y4w,Coppermine River,,https://www.youtube.com/watch?v=bzaF2ygk354,,,,
cumberland-sound-waterway,Cumberland Sound,,https://www.youtube.com/watch?v=-4uOMnazhK0,,,,
davis-strait-waterway,Davis Strait,,https://www.youtube.com/watch?v=QJ0xe7fuGkQ,https://www.youtube.com/watch?v=rbwz5m5_L2g,,,
dean-channel-waterway,Dean Channel,,https://www.youtube.com/watch?v=27ZtOJxCTu8,https://www.youtube.com/watch?v=9Q_Gf4jf_-Q,,,
cmlhci072000hm2rxsiy2pofi,English Bay,,https://www.youtube.com/watch?v=3Q5RagtgnmM,https://www.youtube.com/watch?v=nfyii9ic1VE,https://www.youtube.com/watch?v=XMGkF6vYhYQ,,
foxe-basin-waterway,Foxe Basin,,https://www.youtube.com/watch?v=fcxF9jWu9dc,https://www.youtube.com/watch?v=4hkGn0sjOAg,,,
cmlhaslqs000om2zh7u6tr7m8,Fraser River,,https://www.youtube.com/watch?v=rtcg-jdnoAg,https://www.youtube.com/watch?v=p_IWBl1PLL4,https://www.youtube.com/watch?v=5d-gLMIaSzU,,
french-river-waterway,French River,,https://www.youtube.com/watch?v=qHYjTaZ8Jq0,https://www.youtube.com/watch?v=4ch1ud3GglA,,,
cmlhci075000jm2rxv7atyc59,Friendly Cove (Yuquot),,https://www.youtube.com/watch?v=o38gFc7dHhw,https://www.youtube.com/watch?v=jzjTCuam6-I,,,
frobisher-bay-waterway,Frobisher Bay,,https://www.youtube.com/watch?v=f9HMe2CFnfY,https://www.youtube.com/watch?v=Eahp0mtZJQY,,,
cmlhci06l0005m2rxruhm0g4o,Gaspé Bay,,https://www.youtube.com/watch?v=sgq1IemyXGU,https://www.youtube.com/watch?v=XXudH29pkTc,,,
cmlhci07b000nm2rxfad3b0er,Georgia Strait,,https://www.youtube.com/watch?v=UJIVM-TgZJ0,https://www.youtube.com/watch?v=TdNuXGY5JIQ,https://www.youtube.com/watch?v=F2KrH4QQnms,,
cmlhaslro0018m2zh54ssf898,Great Bear Lake,,https://www.youtube.com/watch?v=kJXBUbVwBNo,https://www.youtube.com/watch?v=Zg5deP8MRwI,https://www.youtube.com/watch?v=of88A0lOLCU,,
cmlhaslrl0016m2zh71casjqv,Great Slave Lake,,https://www.youtube.com/watch?v=KyYMaK6x14s,https://www.youtube.com/watch?v=9g9Yqa4cW4Q,https://www.youtube.com/watch?v=hK8PcL72mSc,,
cmligbkuv0001m20z88hvpgz2,Hayes River,,https://www.youtube.com/watch?v=WvaGBMXRxp8,https://www.youtube.com/watch?v=fGj9Xs8w6SI,,,
cmlhaslrt001cm2zh9tknhhbe,Hudson Bay,,https://www.youtube.com/watch?v=MG9emfuTQVc,https://www.youtube.com/watch?v=6T_q7Ng6N14,https://www.youtube.com/watch?v=RnvWzeTAN3c,,
cmlhaslrv001em2zheht25x94,James Bay,,https://www.youtube.com/watch?v=y4GD4ckvijE,https://www.youtube.com/watch?v=XUO-bLE2YrQ,https://www.youtube.com/watch?v=ugGIPbDIkm4,,
cmlhci078000lm2rxus8do5zj,Juan de Fuca Strait,,https://www.youtube.com/watch?v=ClJdkqr-YV0,https://www.youtube.com/watch?v=LasZ_YFPp-0,https://www.youtube.com/watch?v=Sm4RlTOGvM8,,
cmlizphim0001m2ybbm7btaxk,Kaministiquia River,,https://www.youtube.com/watch?v=8xfq9tZ6OJM,https://www.youtube.com/watch?v=M7aMWyZrd3Q,https://www.youtube.com/watch?v=bAsW9QnEEE4,,
cmlhaslrq001am2zhud0snm8t,Lake Athabasca,,https://www.youtube.com/watch?v=Atlihn_mek8,https://www.youtube.com/watch?v=kJzQtJtK4w8,,,
cmlhbjrqm000lm2mb54fxoup5,Lake Erie,,https://www.youtube.com/watch?v=o9qxZdszQWs,https://www.youtube.com/watch?v=b2ze9wVzMyo,https://www.youtube.com/watch?v=lLZDNKgJYDg,,
cmlhaslrc0010m2zhzbcapn1v,Lake Huron,,https://www.youtube.com/watch?v=YHstIA-PQKM,https://www.youtube.com/watch?v=Q7Q6tV6T7lE,https://www.youtube.com/watch?v=H94ApGZQ7IA,,
cmlhbjrqo000nm2mb16337n49,Lake Michigan,,https://www.youtube.com/watch?v=9gZRenhTOR0,https://www.youtube.com/watch?v=FbRF3YbZaaI,https://www.youtube.com/watch?v=R9LTwMtIAR0,,
cmlhbjrqu000rm2mb2jzjv5dc,Lake Nipigon,,https://www.youtube.com/watch?v=xZv57PjdFKQ,https://www.youtube.com/watch?v=7jcTvdkZgC0,,,
cmlhaslre0012m2zhg9f595d4,Lake Ontario,,https://www.youtube.com/watch?v=Xmtq8_T7Dck,https://www.youtube.com/watch?v=jzzyjrPK0ds,https://www.youtube.com/watch?v=nsjCSaRJb6Q,,
cmlhaslra000ym2zh4pyu55je,Lake Superior,,https://www.youtube.com/watch?v=eKQ6dLU7f3g,https://www.youtube.com/watch?v=mDCnduvku8w,https://www.youtube.com/watch?v=shfYWGqZMak,,
cmlhaslri0014m2zhlrrx8pqe,Lake Winnipeg,,https://www.youtube.com/watch?v=IAuy6f3pXao,https://www.youtube.com/watch?v=XBvFWM3gG9Q,https://www.youtube.com/watch?v=uMz-6NVdv48,,
cmlk2w3jm0002m2636jrqvptl,Lake of the Woods,,https://www.youtube.com/watch?v=UoQdXDeQz3U,https://www.youtube.com/watch?v=Xf2Ph7nvoOA,https://www.youtube.com/watch?v=RTlfPlRc9cQ,,
lancaster-sound-waterway,Lancaster Sound,,https://www.youtube.com/watch?v=FK1Ra_VoV_s,https://www.youtube.com/watch?v=Z5AnTPFtMYc,,,
cmlhbjrqx000tm2mb8efa6a4y,Lesser Slave Lake,,https://www.youtube.com/watch?v=YH9dsm5kAYY,https://www.youtube.com/watch?v=IUIV_O6VGhc,,,
cmlhci07g000rm2rxgqu76lmi,Lituya Bay,,https://www.youtube.com/watch?v=r7y76R8ggKw,https://www.youtube.com/watch?v=XGIXlk50yos,https://www.youtube.com/watch?v=Ph7ND3F0Zu4,,
cmlhaslqp000mm2zh1z4uc8lw,Mackenzie River,,https://www.youtube.com/watch?v=2WoA6WGT8JI,https://www.youtube.com/watch?v=i2jexPzNZbE,https://www.youtube.com/watch?v=umT32nGc5pg,,
cml_marble_island,Marble Island,,https://www.youtube.com/watch?v=SH1JxUCd9BE,,,,
mercy-bay-waterway,Mercy Bay,,https://www.youtube.com/watch?v=UMGazNWWfbs,https://www.youtube.com/watch?v=KyGBvDOIOsM,,,
cmligbkuz0003m20z3seyhxbw,Moose River,,https://www.youtube.com/watch?v=WXa4rEz9t1w,https://www.youtube.com/watch?v=DbTHWMmyQFo,,,
cmlhbjrpt0001m2mb70w5ub4a,Nelson River,,https://www.youtube.com/watch?v=bHb7nvsGKBo,https://www.youtube.com/watch?v=_IEq03whiNI,https://www.youtube.com/watch?v=w_NguVDSLQc,,
cmlhci06w000dm2rx3bn9gj7e,Nootka Sound,,https://www.youtube.com/watch?v=BZZ-QVcN3QM,https://www.youtube.com/watch?v=i5XHvFy7uTM,https://www.youtube.com/watch?v=LbCSYgGS8HE,,
cmlhaslqu000qm2zh7ssejohe,Ottawa River,,https://www.youtube.com/watch?v=-E7wsRXAaqY,https://www.youtube.com/watch?v=uAbMfC7ZnUk,https://www.youtube.com/watch?v=41otftouNao,,
parry-channel-waterway,Parry Channel,,https://www.youtube.com/watch?v=_mLUoL7fzDM,https://www.youtube.com/watch?v=y0t1LC0Ggng,,,
cmlhbjrpy0005m2mbsanafmlo,Peace River,,https://www.youtube.com/watch?v=jvHw-oXV5kM,https://www.youtube.com/watch?v=Sbuw_iFuidQ,https://www.youtube.com/watch?v=d5zQmTSAEVg,,
cmlhci06u000bm2rx0mhic71i,Placentia Bay,,https://www.youtube.com/watch?v=-A6GHo9WICg,https://www.youtube.com/watch?v=YUq72e6obC8,,,
cmlhci07e000pm2rxpaiz59r9,Queen Charlotte Sound,,https://www.youtube.com/watch?v=sRR-sDn9vbE,https://www.youtube.com/watch?v=JJv54gdhrd4,https://www.youtube.com/watch?v=an4R12V_G1E,,
queen-maud-gulf-waterway,Queen Maud Gulf,,https://www.youtube.com/watch?v=fvcB56WyTZw,https://www.youtube.com/watch?v=AWY120avqYE,,,
red-deer-river-alberta-waterway,Red Deer River,,https://www.youtube.com/watch?v=afBd3wUYoMw,https://www.youtube.com/watch?v=rHLrkXv2jUQ,,,
cmlhbjrq10007m2mb166687ob,Red River,,https://www.youtube.com/watch?v=t2xv32PwOTw,https://www.youtube.com/watch?v=D5sC5-zm4to,https://www.youtube.com/watch?v=5JRMcLqSBMg,,
cmlhbjrqs000pm2mb2n5b8ozi,Reindeer Lake,,https://www.youtube.com/watch?v=bzaF2ygk354,,,,
cmlhbjrqg000hm2mbrxd1csg3,Saguenay River,,https://www.youtube.com/watch?v=WPjICKOdaNw,https://www.youtube.com/watch?v=LSR1F4Dx19g,https://www.youtube.com/watch?v=mx_isSUsDA4,,
cmlhbjrqk000jm2mbu4c80xzn,Saint John River,,https://www.youtube.com/watch?v=Od4bySq3X3A,https://www.youtube.com/watch?v=QF8dlSvKU4A,https://www.youtube.com/watch?v=zBKF-wJCork,,
cmlhaslqy000sm2zhxfks60fd,Saskatchewan River,,https://www.youtube.com/watch?v=724EOMCRjhs,https://www.youtube.com/watch?v=1FipsvFkzuM,https://www.youtube.com/watch?v=GuKocrbyV8c,,
seine-river-ontario-waterway,Seine River,,https://www.youtube.com/watch?v=xyH8u_0wYQg,https://www.youtube.com/watch?v=xDVq1y9LoOw,,,
souris-river-waterway,Souris River,,https://www.youtube.com/watch?v=19YDWL7FDxI,,,,
cmlhaslql000km2zhocxl8zbv,St. Lawrence River,,https://www.youtube.com/watch?v=0wgqmHpK2tc,https://www.youtube.com/watch?v=zuPSz5BK1Kg,https://www.youtube.com/watch?v=jrOu8qDFYjw,,
cmlhci06o0007m2rx0b9040b1,Strait of Belle Isle,,https://www.youtube.com/watch?v=j6hJLI_Qgbg,https://www.youtube.com/watch?v=Whonzycnl40,https://www.youtube.com/watch?v=XIa4yt3kioQ,,
terror-bay-waterway,Terror Bay,,https://www.youtube.com/watch?v=UvI4ZpAR618,https://www.youtube.com/watch?v=_pclyCak3rY,,,
cmlhbjrqd000fm2mb9j2kl8w0,Thelon River,,https://www.youtube.com/watch?v=Ld_IY5k_2RM,https://www.youtube.com/watch?v=zT5gQWCyFcQ,,,
cmlhbjrq5000bm2mbpbrh6i7v,Yukon River,,https://www.youtube.com/watch?v=fOr8fLqhWpE,https://www.youtube.com/watch?v=8MdYfdoWI6E,https://www.youtube.com/watch?v=OdtDh-FhNko,,
